week_start,venue,done,active,target,status
2026-02-02,BABY,0,1,10,NO_DATA
2026-02-02,BDPB,0,1,10,NO_DATA
2026-02-02,BORN,0,0,10,NO_ITEMS
2026-02-02,CRFT,0,0,10,NO_ITEMS
2026-02-02,FLLN,0,0,10,NO_ITEMS
2026-02-02,FLSE,0,0,10,NO_ITEMS
2026-02-02,FSON,0,0,10,NO_ITEMS
2026-02-02,GTTR,0,0,10,NO_ITEMS
2026-02-02,GUTT,0,0,10,NO_ITEMS
2026-02-02,HAWK,0,0,10,NO_ITEMS
2026-02-02,HOOD,0,10,10,NO_DATA
2026-02-02,ISFO,0,0,10,NO_ITEMS
2026-02-02,JNTS,0,0,10,NO_ITEMS
2026-02-02,LAFA,0,0,10,NO_ITEMS
2026-02-02,LEIL,0,0,10,NO_ITEMS
2026-02-02,LOUS,0,0,10,NO_ITEMS
2026-02-02,MORN,0,0,10,NO_ITEMS
2026-02-02,NOBL,0,0,10,NO_ITEMS
2026-02-02,POLT,0,0,10,NO_ITEMS
2026-02-02,PTLV,0,0,10,NO_ITEMS
2026-02-02,QUIX,0,0,10,NO_ITEMS
2026-02-02,STAR,0,0,10,NO_ITEMS
2026-02-02,STOC,0,0,10,NO_ITEMS
2026-02-02,UBLI,0,0,10,NO_ITEMS
2026-02-02,UBNP,0,0,10,NO_ITEMS
2026-02-02,WLVS,0,0,10,NO_ITEMS
2026-02-02,YNBL,0,0,10,NO_ITEMS
2026-02-09,BABY,0,1,10,NO_DATA
2026-02-09,BDPB,0,1,10,NO_DATA
2026-02-09,BORN,0,0,10,NO_ITEMS
2026-02-09,CRFT,0,0,10,NO_ITEMS
2026-02-09,FLLN,0,0,10,NO_ITEMS
2026-02-09,FLSE,0,0,10,NO_ITEMS
2026-02-09,FSON,0,0,10,NO_ITEMS
2026-02-09,GTTR,0,0,10,NO_ITEMS
2026-02-09,GUTT,0,0,10,NO_ITEMS
2026-02-09,HAWK,0,0,10,NO_ITEMS
2026-02-09,HOOD,0,10,10,NO_DATA
2026-02-09,ISFO,0,0,10,NO_ITEMS
2026-02-09,JNTS,0,0,10,NO_ITEMS
2026-02-09,LAFA,0,0,10,NO_ITEMS
2026-02-09,LEIL,0,0,10,NO_ITEMS
2026-02-09,LOUS,0,0,10,NO_ITEMS
2026-02-09,MORN,0,0,10,NO_ITEMS
2026-02-09,NOBL,0,0,10,NO_ITEMS
2026-02-09,POLT,0,0,10,NO_ITEMS
2026-02-09,PTLV,0,0,10,NO_ITEMS
2026-02-09,QUIX,0,0,10,NO_ITEMS
2026-02-09,STAR,0,0,10,NO_ITEMS
2026-02-09,STOC,0,0,10,NO_ITEMS
2026-02-09,UBLI,0,0,10,NO_ITEMS
2026-02-09,UBNP,0,0,10,NO_ITEMS
2026-02-09,WLVS,0,0,10,NO_ITEMS
2026-02-09,YNBL,0,0,10,NO_ITEMS
2026-02-16,BABY,0,1,10,NO_DATA
2026-02-16,BDPB,0,1,10,NO_DATA
2026-02-16,BORN,0,0,10,NO_ITEMS
2026-02-16,CRFT,0,0,10,NO_ITEMS
2026-02-16,FLLN,0,0,10,NO_ITEMS
2026-02-16,FLSE,0,0,10,NO_ITEMS
2026-02-16,FSON,0,0,10,NO_ITEMS
2026-02-16,GTTR,0,0,10,NO_ITEMS
2026-02-16,GUTT,0,0,10,NO_ITEMS
2026-02-16,HAWK,0,0,10,NO_ITEMS
2026-02-16,HOOD,0,10,10,NO_DATA
2026-02-16,ISFO,0,0,10,NO_ITEMS
2026-02-16,JNTS,0,0,10,NO_ITEMS
2026-02-16,LAFA,0,0,10,NO_ITEMS
2026-02-16,LEIL,0,0,10,NO_ITEMS
2026-02-16,LOUS,0,0,10,NO_ITEMS
2026-02-16,MORN,0,0,10,NO_ITEMS
2026-02-16,NOBL,0,0,10,NO_ITEMS
2026-02-16,POLT,0,0,10,NO_ITEMS
2026-02-16,PTLV,0,0,10,NO_ITEMS
2026-02-16,QUIX,0,0,10,NO_ITEMS
2026-02-16,STAR,0,0,10,NO_ITEMS
2026-02-16,STOC,0,0,10,NO_ITEMS
2026-02-16,UBLI,0,0,10,NO_ITEMS
2026-02-16,UBNP,0,0,10,NO_ITEMS
2026-02-16,WLVS,0,0,10,NO_ITEMS
2026-02-16,YNBL,0,0,10,NO_ITEMS
2026-02-23,BABY,0,1,10,NO_DATA
2026-02-23,BDPB,0,1,10,NO_DATA
2026-02-23,BORN,0,0,10,NO_ITEMS
2026-02-23,CRFT,0,0,10,NO_ITEMS
2026-02-23,FLLN,0,0,10,NO_ITEMS
2026-02-23,FLSE,0,0,10,NO_ITEMS
2026-02-23,FSON,0,0,10,NO_ITEMS
2026-02-23,GTTR,0,0,10,NO_ITEMS
2026-02-23,GUTT,0,0,10,NO_ITEMS
2026-02-23,HAWK,0,0,10,NO_ITEMS
2026-02-23,HOOD,0,10,10,NO_DATA
2026-02-23,ISFO,0,0,10,NO_ITEMS
2026-02-23,JNTS,0,0,10,NO_ITEMS
2026-02-23,LAFA,0,0,10,NO_ITEMS
2026-02-23,LEIL,0,0,10,NO_ITEMS
2026-02-23,LOUS,0,0,10,NO_ITEMS
2026-02-23,MORN,0,0,10,NO_ITEMS
2026-02-23,NOBL,0,0,10,NO_ITEMS
2026-02-23,POLT,0,0,10,NO_ITEMS
2026-02-23,PTLV,0,0,10,NO_ITEMS
2026-02-23,QUIX,0,0,10,NO_ITEMS
2026-02-23,STAR,0,0,10,NO_ITEMS
2026-02-23,STOC,0,0,10,NO_ITEMS
2026-02-23,UBLI,0,0,10,NO_ITEMS
2026-02-23,UBNP,0,0,10,NO_ITEMS
2026-02-23,WLVS,0,0,10,NO_ITEMS
2026-02-23,YNBL,0,0,10,NO_ITEMS
2026-03-02,BABY,0,1,10,NO_DATA
2026-03-02,BDPB,0,1,10,NO_DATA
2026-03-02,BORN,0,0,10,NO_ITEMS
2026-03-02,CRFT,0,0,10,NO_ITEMS
2026-03-02,FLLN,0,0,10,NO_ITEMS
2026-03-02,FLSE,0,0,10,NO_ITEMS
2026-03-02,FSON,0,0,10,NO_ITEMS
2026-03-02,GTTR,0,0,10,NO_ITEMS
2026-03-02,GUTT,0,0,10,NO_ITEMS
2026-03-02,HAWK,0,0,10,NO_ITEMS
2026-03-02,HOOD,0,10,10,NO_DATA
2026-03-02,ISFO,0,0,10,NO_ITEMS
2026-03-02,JNTS,0,0,10,NO_ITEMS
2026-03-02,LAFA,0,0,10,NO_ITEMS
2026-03-02,LEIL,0,0,10,NO_ITEMS
2026-03-02,LOUS,0,0,10,NO_ITEMS
2026-03-02,MORN,0,0,10,NO_ITEMS
2026-03-02,NOBL,0,0,10,NO_ITEMS
2026-03-02,POLT,0,0,10,NO_ITEMS
2026-03-02,PTLV,0,0,10,NO_ITEMS
2026-03-02,QUIX,0,0,10,NO_ITEMS
2026-03-02,STAR,0,0,10,NO_ITEMS
2026-03-02,STOC,0,0,10,NO_ITEMS
2026-03-02,UBLI,0,0,10,NO_ITEMS
2026-03-02,UBNP,0,0,10,NO_ITEMS
2026-03-02,WLVS,0,0,10,NO_ITEMS
2026-03-02,YNBL,0,0,10,NO_ITEMS
2026-03-09,BABY,0,1,10,NO_DATA
2026-03-09,BDPB,0,1,10,NO_DATA
2026-03-09,BORN,0,0,10,NO_ITEMS
2026-03-09,CRFT,0,0,10,NO_ITEMS
2026-03-09,FLLN,0,0,10,NO_ITEMS
2026-03-09,FLSE,0,0,10,NO_ITEMS
2026-03-09,FSON,0,0,10,NO_ITEMS
2026-03-09,GTTR,0,0,10,NO_ITEMS
2026-03-09,GUTT,0,0,10,NO_ITEMS
2026-03-09,HAWK,0,0,10,NO_ITEMS
2026-03-09,HOOD,0,10,10,NO_DATA
2026-03-09,ISFO,0,0,10,NO_ITEMS
2026-03-09,JNTS,0,0,10,NO_ITEMS
2026-03-09,LAFA,0,0,10,NO_ITEMS
2026-03-09,LEIL,0,0,10,NO_ITEMS
2026-03-09,LOUS,0,0,10,NO_ITEMS
2026-03-09,MORN,0,0,10,NO_ITEMS
2026-03-09,NOBL,0,0,10,NO_ITEMS
2026-03-09,POLT,0,0,10,NO_ITEMS
2026-03-09,PTLV,0,0,10,NO_ITEMS
2026-03-09,QUIX,0,0,10,NO_ITEMS
2026-03-09,STAR,0,0,10,NO_ITEMS
2026-03-09,STOC,0,0,10,NO_ITEMS
2026-03-09,UBLI,0,0,10,NO_ITEMS
2026-03-09,UBNP,0,0,10,NO_ITEMS
2026-03-09,WLVS,0,0,10,NO_ITEMS
2026-03-09,YNBL,0,0,10,NO_ITEMS
2026-03-16,BABY,0,1,10,NO_DATA
2026-03-16,BDPB,0,1,10,NO_DATA
2026-03-16,BORN,0,0,10,NO_ITEMS
2026-03-16,CRFT,0,0,10,NO_ITEMS
2026-03-16,FLLN,0,0,10,NO_ITEMS
2026-03-16,FLSE,0,0,10,NO_ITEMS
2026-03-16,FSON,0,0,10,NO_ITEMS
2026-03-16,GTTR,0,0,10,NO_ITEMS
2026-03-16,GUTT,0,0,10,NO_ITEMS
2026-03-16,HAWK,0,0,10,NO_ITEMS
2026-03-16,HOOD,0,10,10,NO_DATA
2026-03-16,ISFO,0,0,10,NO_ITEMS
2026-03-16,JNTS,0,0,10,NO_ITEMS
2026-03-16,LAFA,0,0,10,NO_ITEMS
2026-03-16,LEIL,0,0,10,NO_ITEMS
2026-03-16,LOUS,0,0,10,NO_ITEMS
2026-03-16,MORN,0,0,10,NO_ITEMS
2026-03-16,NOBL,0,0,10,NO_ITEMS
2026-03-16,POLT,0,0,10,NO_ITEMS
2026-03-16,PTLV,0,0,10,NO_ITEMS
2026-03-16,QUIX,0,0,10,NO_ITEMS
2026-03-16,STAR,0,0,10,NO_ITEMS
2026-03-16,STOC,0,0,10,NO_ITEMS
2026-03-16,UBLI,0,0,10,NO_ITEMS
2026-03-16,UBNP,0,0,10,NO_ITEMS
2026-03-16,WLVS,0,0,10,NO_ITEMS
2026-03-16,YNBL,0,0,10,NO_ITEMS
2026-03-23,BABY,0,1,10,NO_DATA
2026-03-23,BDPB,0,1,10,NO_DATA
2026-03-23,BORN,0,0,10,NO_ITEMS
2026-03-23,CRFT,0,0,10,NO_ITEMS
2026-03-23,FLLN,0,0,10,NO_ITEMS
2026-03-23,FLSE,0,0,10,NO_ITEMS
2026-03-23,FSON,0,0,10,NO_ITEMS
2026-03-23,GTTR,0,0,10,NO_ITEMS
2026-03-23,GUTT,0,0,10,NO_ITEMS
2026-03-23,HAWK,0,0,10,NO_ITEMS
2026-03-23,HOOD,0,10,10,NO_DATA
2026-03-23,ISFO,0,0,10,NO_ITEMS
2026-03-23,JNTS,0,0,10,NO_ITEMS
2026-03-23,LAFA,0,0,10,NO_ITEMS
2026-03-23,LEIL,0,0,10,NO_ITEMS
2026-03-23,LOUS,0,0,10,NO_ITEMS
2026-03-23,MORN,0,0,10,NO_ITEMS
2026-03-23,NOBL,0,0,10,NO_ITEMS
2026-03-23,POLT,0,0,10,NO_ITEMS
2026-03-23,PTLV,0,0,10,NO_ITEMS
2026-03-23,QUIX,0,0,10,NO_ITEMS
2026-03-23,STAR,0,0,10,NO_ITEMS
2026-03-23,STOC,0,0,10,NO_ITEMS
2026-03-23,UBLI,0,0,10,NO_ITEMS
2026-03-23,UBNP,0,0,10,NO_ITEMS
2026-03-23,WLVS,0,0,10,NO_ITEMS
2026-03-23,YNBL,0,0,10,NO_ITEMS
2026-03-30,BABY,0,1,10,NO_DATA
2026-03-30,BDPB,0,1,10,NO_DATA
2026-03-30,BORN,0,0,10,NO_ITEMS
2026-03-30,CRFT,0,0,10,NO_ITEMS
2026-03-30,FLLN,0,0,10,NO_ITEMS
2026-03-30,FLSE,0,0,10,NO_ITEMS
2026-03-30,FSON,0,0,10,NO_ITEMS
2026-03-30,GTTR,0,0,10,NO_ITEMS
2026-03-30,GUTT,0,0,10,NO_ITEMS
2026-03-30,HAWK,0,0,10,NO_ITEMS
2026-03-30,HOOD,0,10,10,NO_DATA
2026-03-30,ISFO,0,0,10,NO_ITEMS
2026-03-30,JNTS,0,0,10,NO_ITEMS
2026-03-30,LAFA,0,0,10,NO_ITEMS
2026-03-30,LEIL,0,0,10,NO_ITEMS
2026-03-30,LOUS,0,0,10,NO_ITEMS
2026-03-30,MORN,0,0,10,NO_ITEMS
2026-03-30,NOBL,0,0,10,NO_ITEMS
2026-03-30,POLT,0,0,10,NO_ITEMS
2026-03-30,PTLV,0,0,10,NO_ITEMS
2026-03-30,QUIX,0,0,10,NO_ITEMS
2026-03-30,STAR,0,0,10,NO_ITEMS
2026-03-30,STOC,0,0,10,NO_ITEMS
2026-03-30,UBLI,0,0,10,NO_ITEMS
2026-03-30,UBNP,0,0,10,NO_ITEMS
2026-03-30,WLVS,0,0,10,NO_ITEMS
2026-03-30,YNBL,0,0,10,NO_ITEMS
2026-04-06,BABY,0,1,10,NO_DATA
2026-04-06,BDPB,0,1,10,NO_DATA
2026-04-06,BORN,0,0,10,NO_ITEMS
2026-04-06,CRFT,0,0,10,NO_ITEMS
2026-04-06,FLLN,0,0,10,NO_ITEMS
2026-04-06,FLSE,0,0,10,NO_ITEMS
2026-04-06,FSON,0,0,10,NO_ITEMS
2026-04-06,GTTR,0,0,10,NO_ITEMS
2026-04-06,GUTT,0,0,10,NO_ITEMS
2026-04-06,HAWK,0,0,10,NO_ITEMS
2026-04-06,HOOD,0,10,10,NO_DATA
2026-04-06,ISFO,0,0,10,NO_ITEMS
2026-04-06,JNTS,0,0,10,NO_ITEMS
2026-04-06,LAFA,0,0,10,NO_ITEMS
2026-04-06,LEIL,0,0,10,NO_ITEMS
2026-04-06,LOUS,0,0,10,NO_ITEMS
2026-04-06,MORN,0,0,10,NO_ITEMS
2026-04-06,NOBL,0,0,10,NO_ITEMS
2026-04-06,POLT,0,0,10,NO_ITEMS
2026-04-06,PTLV,0,0,10,NO_ITEMS
2026-04-06,QUIX,0,0,10,NO_ITEMS
2026-04-06,STAR,0,0,10,NO_ITEMS
2026-04-06,STOC,0,0,10,NO_ITEMS
2026-04-06,UBLI,0,0,10,NO_ITEMS
2026-04-06,UBNP,0,0,10,NO_ITEMS
2026-04-06,WLVS,0,0,10,NO_ITEMS
2026-04-06,YNBL,0,0,10,NO_ITEMS
2026-04-13,BABY,0,1,10,NO_DATA
2026-04-13,BDPB,0,1,10,NO_DATA
2026-04-13,BORN,0,0,10,NO_ITEMS
2026-04-13,CRFT,0,0,10,NO_ITEMS
2026-04-13,FLLN,0,0,10,NO_ITEMS
2026-04-13,FLSE,0,0,10,NO_ITEMS
2026-04-13,FSON,0,0,10,NO_ITEMS
2026-04-13,GTTR,0,0,10,NO_ITEMS
2026-04-13,GUTT,0,0,10,NO_ITEMS
2026-04-13,HAWK,0,0,10,NO_ITEMS
2026-04-13,HOOD,0,10,10,NO_DATA
2026-04-13,ISFO,0,0,10,NO_ITEMS
2026-04-13,JNTS,0,0,10,NO_ITEMS
2026-04-13,LAFA,0,0,10,NO_ITEMS
2026-04-13,LEIL,0,0,10,NO_ITEMS
2026-04-13,LOUS,0,0,10,NO_ITEMS
2026-04-13,MORN,0,0,10,NO_ITEMS
2026-04-13,NOBL,0,0,10,NO_ITEMS
2026-04-13,POLT,0,0,10,NO_ITEMS
2026-04-13,PTLV,0,0,10,NO_ITEMS
2026-04-13,QUIX,0,0,10,NO_ITEMS
2026-04-13,STAR,0,0,10,NO_ITEMS
2026-04-13,STOC,0,0,10,NO_ITEMS
2026-04-13,UBLI,0,0,10,NO_ITEMS
2026-04-13,UBNP,0,0,10,NO_ITEMS
2026-04-13,WLVS,0,0,10,NO_ITEMS
2026-04-13,YNBL,0,0,10,NO_ITEMS
2026-04-20,BABY,0,1,10,NO_DATA
2026-04-20,BDPB,0,1,10,NO_DATA
2026-04-20,BORN,0,0,10,NO_ITEMS
2026-04-20,CRFT,0,0,10,NO_ITEMS
2026-04-20,FLLN,0,0,10,NO_ITEMS
2026-04-20,FLSE,0,0,10,NO_ITEMS
2026-04-20,FSON,0,0,10,NO_ITEMS
2026-04-20,GTTR,0,0,10,NO_ITEMS
2026-04-20,GUTT,0,0,10,NO_ITEMS
2026-04-20,HAWK,0,0,10,NO_ITEMS
2026-04-20,HOOD,0,10,10,NO_DATA
2026-04-20,ISFO,0,0,10,NO_ITEMS
2026-04-20,JNTS,0,0,10,NO_ITEMS
2026-04-20,LAFA,0,0,10,NO_ITEMS
2026-04-20,LEIL,0,0,10,NO_ITEMS
2026-04-20,LOUS,0,0,10,NO_ITEMS
2026-04-20,MORN,0,0,10,NO_ITEMS
2026-04-20,NOBL,0,0,10,NO_ITEMS
2026-04-20,POLT,0,0,10,NO_ITEMS
2026-04-20,PTLV,0,0,10,NO_ITEMS
2026-04-20,QUIX,0,0,10,NO_ITEMS
2026-04-20,STAR,0,0,10,NO_ITEMS
2026-04-20,STOC,0,0,10,NO_ITEMS
2026-04-20,UBLI,0,0,10,NO_ITEMS
2026-04-20,UBNP,0,0,10,NO_ITEMS
2026-04-20,WLVS,0,0,10,NO_ITEMS
2026-04-20,YNBL,0,0,10,NO_ITEMS
2026-04-27,BABY,0,1,10,NO_DATA
2026-04-27,BDPB,0,1,10,NO_DATA
2026-04-27,BORN,0,0,10,NO_ITEMS
2026-04-27,CRFT,0,0,10,NO_ITEMS
2026-04-27,FLLN,0,0,10,NO_ITEMS
2026-04-27,FLSE,0,0,10,NO_ITEMS
2026-04-27,FSON,0,0,10,NO_ITEMS
2026-04-27,GTTR,0,0,10,NO_ITEMS
2026-04-27,GUTT,0,0,10,NO_ITEMS
2026-04-27,HAWK,0,0,10,NO_ITEMS
2026-04-27,HOOD,0,10,10,NO_DATA
2026-04-27,ISFO,0,0,10,NO_ITEMS
2026-04-27,JNTS,0,0,10,NO_ITEMS
2026-04-27,LAFA,0,0,10,NO_ITEMS
2026-04-27,LEIL,0,0,10,NO_ITEMS
2026-04-27,LOUS,0,0,10,NO_ITEMS
2026-04-27,MORN,0,0,10,NO_ITEMS
2026-04-27,NOBL,0,0,10,NO_ITEMS
2026-04-27,POLT,0,0,10,NO_ITEMS
2026-04-27,PTLV,0,0,10,NO_ITEMS
2026-04-27,QUIX,0,0,10,NO_ITEMS
2026-04-27,STAR,0,0,10,NO_ITEMS
2026-04-27,STOC,0,0,10,NO_ITEMS
2026-04-27,UBLI,0,0,10,NO_ITEMS
2026-04-27,UBNP,0,0,10,NO_ITEMS
2026-04-27,WLVS,0,0,10,NO_ITEMS
2026-04-27,YNBL,0,0,10,NO_ITEMS
2026-05-04,BABY,0,1,10,NO_DATA
2026-05-04,BDPB,0,1,10,NO_DATA
2026-05-04,BORN,0,0,10,NO_ITEMS
2026-05-04,CRFT,0,0,10,NO_ITEMS
2026-05-04,FLLN,0,0,10,NO_ITEMS
2026-05-04,FLSE,0,0,10,NO_ITEMS
2026-05-04,FSON,0,0,10,NO_ITEMS
2026-05-04,GTTR,0,0,10,NO_ITEMS
2026-05-04,GUTT,0,0,10,NO_ITEMS
2026-05-04,HAWK,0,0,10,NO_ITEMS
2026-05-04,HOOD,0,10,10,NO_DATA
2026-05-04,ISFO,0,0,10,NO_ITEMS
2026-05-04,JNTS,0,0,10,NO_ITEMS
2026-05-04,LAFA,0,0,10,NO_ITEMS
2026-05-04,LEIL,0,0,10,NO_ITEMS
2026-05-04,LOUS,0,0,10,NO_ITEMS
2026-05-04,MORN,0,0,10,NO_ITEMS
2026-05-04,NOBL,0,0,10,NO_ITEMS
2026-05-04,POLT,0,0,10,NO_ITEMS
2026-05-04,PTLV,0,0,10,NO_ITEMS
2026-05-04,QUIX,0,0,10,NO_ITEMS
2026-05-04,STAR,0,0,10,NO_ITEMS
2026-05-04,STOC,0,0,10,NO_ITEMS
2026-05-04,UBLI,0,0,10,NO_ITEMS
2026-05-04,UBNP,0,0,10,NO_ITEMS
2026-05-04,WLVS,0,0,10,NO_ITEMS
2026-05-04,YNBL,0,0,10,NO_ITEMS
2026-05-11,BABY,0,1,10,NO_DATA
2026-05-11,BDPB,0,1,10,NO_DATA
2026-05-11,BORN,0,0,10,NO_ITEMS
2026-05-11,CRFT,0,0,10,NO_ITEMS
2026-05-11,FLLN,0,0,10,NO_ITEMS
2026-05-11,FLSE,0,0,10,NO_ITEMS
2026-05-11,FSON,0,0,10,NO_ITEMS
2026-05-11,GTTR,0,0,10,NO_ITEMS
2026-05-11,GUTT,0,0,10,NO_ITEMS
2026-05-11,HAWK,0,0,10,NO_ITEMS
2026-05-11,HOOD,0,10,10,NO_DATA
2026-05-11,ISFO,0,0,10,NO_ITEMS
2026-05-11,JNTS,0,0,10,NO_ITEMS
2026-05-11,LAFA,0,0,10,NO_ITEMS
2026-05-11,LEIL,0,0,10,NO_ITEMS
2026-05-11,LOUS,0,0,10,NO_ITEMS
2026-05-11,MORN,0,0,10,NO_ITEMS
2026-05-11,NOBL,0,0,10,NO_ITEMS
2026-05-11,POLT,0,0,10,NO_ITEMS
2026-05-11,PTLV,0,0,10,NO_ITEMS
2026-05-11,QUIX,0,0,10,NO_ITEMS
2026-05-11,STAR,0,0,10,NO_ITEMS
2026-05-11,STOC,0,0,10,NO_ITEMS
2026-05-11,UBLI,0,0,10,NO_ITEMS
2026-05-11,UBNP,0,0,10,NO_ITEMS
2026-05-11,WLVS,0,0,10,NO_ITEMS
2026-05-11,YNBL,0,0,10,NO_ITEMS
2026-05-18,BABY,0,1,10,NO_DATA
2026-05-18,BDPB,0,1,10,NO_DATA
2026-05-18,BORN,0,0,10,NO_ITEMS
2026-05-18,CRFT,0,0,10,NO_ITEMS
2026-05-18,FLLN,0,0,10,NO_ITEMS
2026-05-18,FLSE,0,0,10,NO_ITEMS
2026-05-18,FSON,0,0,10,NO_ITEMS
2026-05-18,GTTR,0,0,10,NO_ITEMS
2026-05-18,GUTT,0,0,10,NO_ITEMS
2026-05-18,HAWK,0,0,10,NO_ITEMS
2026-05-18,HOOD,0,10,10,NO_DATA
2026-05-18,ISFO,0,0,10,NO_ITEMS
2026-05-18,JNTS,0,0,10,NO_ITEMS
2026-05-18,LAFA,0,0,10,NO_ITEMS
2026-05-18,LEIL,0,0,10,NO_ITEMS
2026-05-18,LOUS,0,0,10,NO_ITEMS
2026-05-18,MORN,0,0,10,NO_ITEMS
2026-05-18,NOBL,0,0,10,NO_ITEMS
2026-05-18,POLT,0,0,10,NO_ITEMS
2026-05-18,PTLV,0,0,10,NO_ITEMS
2026-05-18,QUIX,0,0,10,NO_ITEMS
2026-05-18,STAR,0,0,10,NO_ITEMS
2026-05-18,STOC,0,0,10,NO_ITEMS
2026-05-18,UBLI,0,0,10,NO_ITEMS
2026-05-18,UBNP,0,0,10,NO_ITEMS
2026-05-18,WLVS,0,0,10,NO_ITEMS
2026-05-18,YNBL,0,0,10,NO_ITEMS
2026-05-25,BABY,0,1,10,NO_DATA
2026-05-25,BDPB,0,1,10,NO_DATA
2026-05-25,BORN,0,0,10,NO_ITEMS
2026-05-25,CRFT,0,0,10,NO_ITEMS
2026-05-25,FLLN,0,0,10,NO_ITEMS
2026-05-25,FLSE,0,0,10,NO_ITEMS
2026-05-25,FSON,0,0,10,NO_ITEMS
2026-05-25,GTTR,0,0,10,NO_ITEMS
2026-05-25,GUTT,0,0,10,NO_ITEMS
2026-05-25,HAWK,0,0,10,NO_ITEMS
2026-05-25,HOOD,0,10,10,NO_DATA
2026-05-25,ISFO,0,0,10,NO_ITEMS
2026-05-25,JNTS,0,0,10,NO_ITEMS
2026-05-25,LAFA,0,0,10,NO_ITEMS
2026-05-25,LEIL,0,0,10,NO_ITEMS
2026-05-25,LOUS,0,0,10,NO_ITEMS
2026-05-25,MORN,0,0,10,NO_ITEMS
2026-05-25,NOBL,0,0,10,NO_ITEMS
2026-05-25,POLT,0,0,10,NO_ITEMS
2026-05-25,PTLV,0,0,10,NO_ITEMS
2026-05-25,QUIX,0,0,10,NO_ITEMS
2026-05-25,STAR,0,0,10,NO_ITEMS
2026-05-25,STOC,0,0,10,NO_ITEMS
2026-05-25,UBLI,0,0,10,NO_ITEMS
2026-05-25,UBNP,0,0,10,NO_ITEMS
2026-05-25,WLVS,0,0,10,NO_ITEMS
2026-05-25,YNBL,0,0,10,NO_ITEMS
2026-06-01,BABY,0,1,10,NO_DATA
2026-06-01,BDPB,0,1,10,NO_DATA
2026-06-01,BORN,0,0,10,NO_ITEMS
2026-06-01,CRFT,0,0,10,NO_ITEMS
2026-06-01,FLLN,0,0,10,NO_ITEMS
2026-06-01,FLSE,0,0,10,NO_ITEMS
2026-06-01,FSON,0,0,10,NO_ITEMS
2026-06-01,GTTR,0,0,10,NO_ITEMS
2026-06-01,GUTT,0,0,10,NO_ITEMS
2026-06-01,HAWK,0,0,10,NO_ITEMS
2026-06-01,HOOD,0,10,10,NO_DATA
2026-06-01,ISFO,0,0,10,NO_ITEMS
2026-06-01,JNTS,0,0,10,NO_ITEMS
2026-06-01,LAFA,0,0,10,NO_ITEMS
2026-06-01,LEIL,0,0,10,NO_ITEMS
2026-06-01,LOUS,0,0,10,NO_ITEMS
2026-06-01,MORN,0,0,10,NO_ITEMS
2026-06-01,NOBL,0,0,10,NO_ITEMS
2026-06-01,POLT,0,0,10,NO_ITEMS
2026-06-01,PTLV,0,0,10,NO_ITEMS
2026-06-01,QUIX,0,0,10,NO_ITEMS
2026-06-01,STAR,0,0,10,NO_ITEMS
2026-06-01,STOC,0,0,10,NO_ITEMS
2026-06-01,UBLI,0,0,10,NO_ITEMS
2026-06-01,UBNP,0,0,10,NO_ITEMS
2026-06-01,WLVS,0,0,10,NO_ITEMS
2026-06-01,YNBL,0,0,10,NO_ITEMS
2026-06-08,BABY,0,1,10,NO_DATA
2026-06-08,BDPB,0,1,10,NO_DATA
2026-06-08,BORN,0,0,10,NO_ITEMS
2026-06-08,CRFT,0,0,10,NO_ITEMS
2026-06-08,FLLN,0,0,10,NO_ITEMS
2026-06-08,FLSE,0,0,10,NO_ITEMS
2026-06-08,FSON,0,0,10,NO_ITEMS
2026-06-08,GTTR,0,0,10,NO_ITEMS
2026-06-08,GUTT,0,0,10,NO_ITEMS
2026-06-08,HAWK,0,0,10,NO_ITEMS
2026-06-08,HOOD,0,10,10,NO_DATA
2026-06-08,ISFO,0,0,10,NO_ITEMS
2026-06-08,JNTS,0,0,10,NO_ITEMS
2026-06-08,LAFA,0,0,10,NO_ITEMS
2026-06-08,LEIL,0,0,10,NO_ITEMS
2026-06-08,LOUS,0,0,10,NO_ITEMS
2026-06-08,MORN,0,0,10,NO_ITEMS
2026-06-08,NOBL,0,0,10,NO_ITEMS
2026-06-08,POLT,0,0,10,NO_ITEMS
2026-06-08,PTLV,0,0,10,NO_ITEMS
2026-06-08,QUIX,0,0,10,NO_ITEMS
2026-06-08,STAR,0,0,10,NO_ITEMS
2026-06-08,STOC,0,0,10,NO_ITEMS
2026-06-08,UBLI,0,0,10,NO_ITEMS
2026-06-08,UBNP,0,0,10,NO_ITEMS
2026-06-08,WLVS,0,0,10,NO_ITEMS
2026-06-08,YNBL,0,0,10,NO_ITEMS
2026-06-15,BABY,0,1,10,NO_DATA
2026-06-15,BDPB,0,1,10,NO_DATA
2026-06-15,BORN,0,0,10,NO_ITEMS
2026-06-15,CRFT,0,0,10,NO_ITEMS
2026-06-15,FLLN,0,0,10,NO_ITEMS
2026-06-15,FLSE,0,0,10,NO_ITEMS
2026-06-15,FSON,0,0,10,NO_ITEMS
2026-06-15,GTTR,0,0,10,NO_ITEMS
2026-06-15,GUTT,0,0,10,NO_ITEMS
2026-06-15,HAWK,0,0,10,NO_ITEMS
2026-06-15,HOOD,0,10,10,NO_DATA
2026-06-15,ISFO,0,0,10,NO_ITEMS
2026-06-15,JNTS,0,0,10,NO_ITEMS
2026-06-15,LAFA,0,0,10,NO_ITEMS
2026-06-15,LEIL,0,0,10,NO_ITEMS
2026-06-15,LOUS,0,0,10,NO_ITEMS
2026-06-15,MORN,0,0,10,NO_ITEMS
2026-06-15,NOBL,0,0,10,NO_ITEMS
2026-06-15,POLT,0,0,10,NO_ITEMS
2026-06-15,PTLV,0,0,10,NO_ITEMS
2026-06-15,QUIX,0,0,10,NO_ITEMS
2026-06-15,STAR,0,0,10,NO_ITEMS
2026-06-15,STOC,0,0,10,NO_ITEMS
2026-06-15,UBLI,0,0,10,NO_ITEMS
2026-06-15,UBNP,0,0,10,NO_ITEMS
2026-06-15,WLVS,0,0,10,NO_ITEMS
2026-06-15,YNBL,0,0,10,NO_ITEMS
2026-06-22,BABY,0,1,10,NO_DATA
2026-06-22,BDPB,0,1,10,NO_DATA
2026-06-22,BORN,0,0,10,NO_ITEMS
2026-06-22,CRFT,0,0,10,NO_ITEMS
2026-06-22,FLLN,0,0,10,NO_ITEMS
2026-06-22,FLSE,0,0,10,NO_ITEMS
2026-06-22,FSON,0,0,10,NO_ITEMS
2026-06-22,GTTR,0,0,10,NO_ITEMS
2026-06-22,GUTT,0,0,10,NO_ITEMS
2026-06-22,HAWK,0,0,10,NO_ITEMS
2026-06-22,HOOD,0,10,10,NO_DATA
2026-06-22,ISFO,0,0,10,NO_ITEMS
2026-06-22,JNTS,0,0,10,NO_ITEMS
2026-06-22,LAFA,0,0,10,NO_ITEMS
2026-06-22,LEIL,0,0,10,NO_ITEMS
2026-06-22,LOUS,0,0,10,NO_ITEMS
2026-06-22,MORN,0,0,10,NO_ITEMS
2026-06-22,NOBL,0,0,10,NO_ITEMS
2026-06-22,POLT,0,0,10,NO_ITEMS
2026-06-22,PTLV,0,0,10,NO_ITEMS
2026-06-22,QUIX,0,0,10,NO_ITEMS
2026-06-22,STAR,0,0,10,NO_ITEMS
2026-06-22,STOC,0,0,10,NO_ITEMS
2026-06-22,UBLI,0,0,10,NO_ITEMS
2026-06-22,UBNP,0,0,10,NO_ITEMS
2026-06-22,WLVS,0,0,10,NO_ITEMS
2026-06-22,YNBL,0,0,10,NO_ITEMS
2026-06-29,BABY,0,1,10,NO_DATA
2026-06-29,BDPB,0,1,10,NO_DATA
2026-06-29,BORN,0,0,10,NO_ITEMS
2026-06-29,CRFT,0,0,10,NO_ITEMS
2026-06-29,FLLN,0,0,10,NO_ITEMS
2026-06-29,FLSE,0,0,10,NO_ITEMS
2026-06-29,FSON,0,0,10,NO_ITEMS
2026-06-29,GTTR,0,0,10,NO_ITEMS
2026-06-29,GUTT,0,0,10,NO_ITEMS
2026-06-29,HAWK,0,0,10,NO_ITEMS
2026-06-29,HOOD,0,10,10,NO_DATA
2026-06-29,ISFO,0,0,10,NO_ITEMS
2026-06-29,JNTS,0,0,10,NO_ITEMS
2026-06-29,LAFA,0,0,10,NO_ITEMS
2026-06-29,LEIL,0,0,10,NO_ITEMS
2026-06-29,LOUS,0,0,10,NO_ITEMS
2026-06-29,MORN,0,0,10,NO_ITEMS
2026-06-29,NOBL,0,0,10,NO_ITEMS
2026-06-29,POLT,0,0,10,NO_ITEMS
2026-06-29,PTLV,0,0,10,NO_ITEMS
2026-06-29,QUIX,0,0,10,NO_ITEMS
2026-06-29,STAR,0,0,10,NO_ITEMS
2026-06-29,STOC,0,0,10,NO_ITEMS
2026-06-29,UBLI,0,0,10,NO_ITEMS
2026-06-29,UBNP,0,0,10,NO_ITEMS
2026-06-29,WLVS,0,0,10,NO_ITEMS
2026-06-29,YNBL,0,0,10,NO_ITEMS
2026-07-06,BABY,0,1,10,NO_DATA
2026-07-06,BDPB,0,1,10,NO_DATA
2026-07-06,BORN,0,0,10,NO_ITEMS
2026-07-06,CRFT,0,0,10,NO_ITEMS
2026-07-06,FLLN,0,0,10,NO_ITEMS
2026-07-06,FLSE,0,0,10,NO_ITEMS
2026-07-06,FSON,0,0,10,NO_ITEMS
2026-07-06,GTTR,0,0,10,NO_ITEMS
2026-07-06,GUTT,0,0,10,NO_ITEMS
2026-07-06,HAWK,0,0,10,NO_ITEMS
2026-07-06,HOOD,0,10,10,NO_DATA
2026-07-06,ISFO,0,0,10,NO_ITEMS
2026-07-06,JNTS,0,0,10,NO_ITEMS
2026-07-06,LAFA,0,0,10,NO_ITEMS
2026-07-06,LEIL,0,0,10,NO_ITEMS
2026-07-06,LOUS,0,0,10,NO_ITEMS
2026-07-06,MORN,0,0,10,NO_ITEMS
2026-07-06,NOBL,0,0,10,NO_ITEMS
2026-07-06,POLT,0,0,10,NO_ITEMS
2026-07-06,PTLV,0,0,10,NO_ITEMS
2026-07-06,QUIX,0,0,10,NO_ITEMS
2026-07-06,STAR,0,0,10,NO_ITEMS
2026-07-06,STOC,0,0,10,NO_ITEMS
2026-07-06,UBLI,0,0,10,NO_ITEMS
2026-07-06,UBNP,0,0,10,NO_ITEMS
2026-07-06,WLVS,0,0,10,NO_ITEMS
2026-07-06,YNBL,0,0,10,NO_ITEMS
2026-07-13,BABY,0,1,10,NO_DATA
2026-07-13,BDPB,0,1,10,NO_DATA
2026-07-13,BORN,0,0,10,NO_ITEMS
2026-07-13,CRFT,0,0,10,NO_ITEMS
2026-07-13,FLLN,0,0,10,NO_ITEMS
2026-07-13,FLSE,0,0,10,NO_ITEMS
2026-07-13,FSON,0,0,10,NO_ITEMS
2026-07-13,GTTR,0,0,10,NO_ITEMS
2026-07-13,GUTT,0,0,10,NO_ITEMS
2026-07-13,HAWK,0,0,10,NO_ITEMS
2026-07-13,HOOD,0,10,10,NO_DATA
2026-07-13,ISFO,0,0,10,NO_ITEMS
2026-07-13,JNTS,0,0,10,NO_ITEMS
2026-07-13,LAFA,0,0,10,NO_ITEMS
2026-07-13,LEIL,0,0,10,NO_ITEMS
2026-07-13,LOUS,0,0,10,NO_ITEMS
2026-07-13,MORN,0,0,10,NO_ITEMS
2026-07-13,NOBL,0,0,10,NO_ITEMS
2026-07-13,POLT,0,0,10,NO_ITEMS
2026-07-13,PTLV,0,0,10,NO_ITEMS
2026-07-13,QUIX,0,0,10,NO_ITEMS
2026-07-13,STAR,0,0,10,NO_ITEMS
2026-07-13,STOC,0,0,10,NO_ITEMS
2026-07-13,UBLI,0,0,10,NO_ITEMS
2026-07-13,UBNP,0,0,10,NO_ITEMS
2026-07-13,WLVS,0,0,10,NO_ITEMS
2026-07-13,YNBL,0,0,10,NO_ITEMS
2026-07-20,BABY,0,1,10,NO_DATA
2026-07-20,BDPB,0,1,10,NO_DATA
2026-07-20,BORN,0,0,10,NO_ITEMS
2026-07-20,CRFT,0,0,10,NO_ITEMS
2026-07-20,FLLN,0,0,10,NO_ITEMS
2026-07-20,FLSE,0,0,10,NO_ITEMS
2026-07-20,FSON,0,0,10,NO_ITEMS
2026-07-20,GTTR,0,0,10,NO_ITEMS
2026-07-20,GUTT,0,0,10,NO_ITEMS
2026-07-20,HAWK,0,0,10,NO_ITEMS
2026-07-20,HOOD,0,10,10,NO_DATA
2026-07-20,ISFO,0,0,10,NO_ITEMS
2026-07-20,JNTS,0,0,10,NO_ITEMS
2026-07-20,LAFA,0,0,10,NO_ITEMS
2026-07-20,LEIL,0,0,10,NO_ITEMS
2026-07-20,LOUS,0,0,10,NO_ITEMS
2026-07-20,MORN,0,0,10,NO_ITEMS
2026-07-20,NOBL,0,0,10,NO_ITEMS
2026-07-20,POLT,0,0,10,NO_ITEMS
2026-07-20,PTLV,0,0,10,NO_ITEMS
2026-07-20,QUIX,0,0,10,NO_ITEMS
2026-07-20,STAR,0,0,10,NO_ITEMS
2026-07-20,STOC,0,0,10,NO_ITEMS
2026-07-20,UBLI,0,0,10,NO_ITEMS
2026-07-20,UBNP,0,0,10,NO_ITEMS
2026-07-20,WLVS,0,0,10,NO_ITEMS
2026-07-20,YNBL,0,0,10,NO_ITEMS
2026-07-27,BABY,0,1,10,NO_DATA
2026-07-27,BDPB,0,1,10,NO_DATA
2026-07-27,BORN,0,0,10,NO_ITEMS
2026-07-27,CRFT,0,0,10,NO_ITEMS
2026-07-27,FLLN,0,0,10,NO_ITEMS
2026-07-27,FLSE,0,0,10,NO_ITEMS
2026-07-27,FSON,0,0,10,NO_ITEMS
2026-07-27,GTTR,0,0,10,NO_ITEMS
2026-07-27,GUTT,0,0,10,NO_ITEMS
2026-07-27,HAWK,0,0,10,NO_ITEMS
2026-07-27,HOOD,6,10,10,PENDING
2026-07-27,ISFO,0,0,10,NO_ITEMS
2026-07-27,JNTS,0,0,10,NO_ITEMS
2026-07-27,LAFA,0,0,10,NO_ITEMS
2026-07-27,LEIL,0,0,10,NO_ITEMS
2026-07-27,LOUS,0,0,10,NO_ITEMS
2026-07-27,MORN,0,0,10,NO_ITEMS
2026-07-27,NOBL,0,0,10,NO_ITEMS
2026-07-27,POLT,0,0,10,NO_ITEMS
2026-07-27,PTLV,0,0,10,NO_ITEMS
2026-07-27,QUIX,0,0,10,NO_ITEMS
2026-07-27,STAR,0,0,10,NO_ITEMS
2026-07-27,STOC,0,0,10,NO_ITEMS
2026-07-27,UBLI,0,0,10,NO_ITEMS
2026-07-27,UBNP,0,0,10,NO_ITEMS
2026-07-27,WLVS,0,0,10,NO_ITEMS
2026-07-27,YNBL,0,0,10,NO_ITEMS
